"Project created: russell", "9/29/2024", "9:41:19 PM"
"Allowed IP added: 1.1.1.1 to project: russell", "9/29/2024", "9:41:36 PM"
"Off-limit IP added: 1.1.1.1.1.1 to project: russell", "9/29/2024", "9:41:43 PM"
"File uploaded: 1727669194042-Nessus_scan_file.nessus", "9/29/2024", "10:06:34 PM"
"File uploaded: 1727669757821-Nessus_scan_file.nessus", "9/29/2024", "10:15:57 PM"
"File uploaded: 1727669862335-Nessus_scan_file.nessus", "9/29/2024", "10:17:42 PM"
"File uploaded: 1727669949926-Nessus_scan_file.nessus", "9/29/2024", "10:19:09 PM"
"File uploaded: 1727670244147-Nessus_scan_file.nessus", "9/29/2024", "10:24:04 PM"
"File uploaded: 1727670279242-Nessus_scan_file.nessus", "9/29/2024", "10:24:39 PM"
"File uploaded: 1727670327111-Nessus_scan_file.nessus", "9/29/2024", "10:25:27 PM"
"File uploaded: 1727670792141-Nessus_scan_file.nessus", "9/29/2024", "10:33:12 PM"
"File uploaded: 1727671240731-Nessus_scan_file.nessus", "9/29/2024", "10:40:40 PM"
"File uploaded: 1727671416687-Nessus_scan_file.nessus", "9/29/2024", "10:43:36 PM"
"File uploaded: 1727671562031-Nessus_scan_file.nessus", "9/29/2024", "10:46:02 PM"
"Project created: sssss2", "9/29/2024", "10:46:12 PM"
"Allowed IP added: 2.33.3.3 to project: sssss2", "9/29/2024", "10:46:17 PM"
"Project created: testing", "10/23/2024", "1:00:01 AM"
"Allowed IP added: 1223 to project: testing", "10/23/2024", "1:00:11 AM"
"File uploaded: 1729645224085-Nessus_scan_file(1).nessus", "10/23/2024", "1:00:24 AM"
